Category_ID,Customer_ID,Category_Name,Category_Description,Category_Level,Category_Access_Type,Category_Region,Category_Website,Category_Access_Date,Category_Access_Count
1,172,Market Trend,Insights into market demand and consumer behavior,2,Public,North America,www.market-trend.com,2023-04-15,512
2,34,Market Trend,Analysis of industry-specific market data,2,Public,Asia,www.marketinsights.com,2023-05-01,743
3,121,Market Trend,Trends and forecasts for specific product categories,2,Public,Europe,www.trendanalytics.com,2023-03-22,854
4,67,Market Trend,Comprehensive market research reports,2,Subscription,North America,www.marketresearch.net,2023-06-10,321
5,189,Market Trend,Real-time market data and analytics,2,Public,Asia,www.livemarketdata.com,2023-05-27,642
6,42,Market Trend,Industry-specific market intelligence,2,Subscription,Europe,www.marketintel.org,2023-04-03,478
7,155,Market Trend,Insights into consumer purchasing behavior,2,Public,North America,www.consumertrends.com,2023-06-01,789
8,89,Market Trend,Analysis of emerging market opportunities,2,Public,Asia,www.newmarkets.info,2023-05-12,516
9,203,Market Trend,Trends and forecasts for global markets,2,Subscription,Europe,www.globalmarkettrends.net,2023-03-28,325
10,16,Market Trend,Insights into industry-specific supply and demand,2,Public,North America,www.supplydemandanalysis.com,2023-04-20,687
11,128,Market Trend,Comprehensive market segmentation data,2,Subscription,Asia,www.marketsegmentation.org,2023-05-08,459
12,71,Market Trend,Real-time market pricing and trends,2,Public,Europe,www.livepricetrends.com,2023-06-05,792
13,194,Market Trend,Insights into consumer behavior and preferences,2,Public,North America,www.consumerinsights.net,2023-04-27,631
14,53,Market Trend,Analysis of industry-specific competitive landscape,2,Subscription,Asia,www.competitiveanalysis.com,2023-05-19,478
15,166,Market Trend,Trends and forecasts for emerging markets,2,Public,Europe,www.emergingmarkets.info,2023-04-12,723
16,27,Market Trend,Comprehensive market segmentation and profiling,2,Subscription,North America,www.marketsegmentation.net,2023-06-03,412
17,145,Market Trend,Insights into consumer purchasing patterns,2,Public,Asia,www.purchasingpatterns.com,2023-05-15,568
18,80,Market Trend,Analysis of industry-specific supply chain dynamics,2,Subscription,Europe,www.supplychain-analysis.org,2023-04-08,497
19,212,Market Trend,Trends and forecasts for specific product categories,2,Public,North America,www.producttrends.net,2023-05-25,709
20,39,Market Trend,Comprehensive market share and competitive intelligence,2,Subscription,Asia,www.marketshare-analysis.com,2023-06-07,384
21,104,Market Trend,Insights into global economic trends and their impact,2,Public,Europe,www.globaleconomictrends.com,2023-04-18,592
22,65,Market Trend,Analysis of industry-specific regulatory changes,2,Subscription,North America,www.regulatorytrendanalysis.org,2023-05-22,471
23,181,Market Trend,Trends and forecasts for specific geographical markets,2,Public,Asia,www.geographicmarkettrends.net,2023-03-30,768
24,32,Market Trend,Comprehensive market opportunity assessments,2,Subscription,Europe,www.marketopportunityanalysis.com,2023-06-08,395
25,138,Market Trend,Insights into consumer sentiment and brand perception,2,Public,North America,www.consumersentiment.info,2023-05-05,633
26,87,Market Trend,Analysis of industry-specific technology trends,2,Subscription,Asia,www.technologytrends.org,2023-04-23,514
27,196,Market Trend,Trends and forecasts for specific distribution channels,2,Public,Europe,www.distributionchanneltrends.net,2023-06-02,711
28,43,Market Trend,Comprehensive market entry and expansion strategies,2,Subscription,North America,www.marketexpansion.com,2023-05-17,452
29,159,Market Trend,Insights into market consolidation and M&A activity,2,Public,Asia,www.marketconsolidation.info,2023-04-09,601
30,78,Market Trend,Analysis of industry-specific pricing trends,2,Subscription,Europe,www.pricingtrendanalysis.org,2023-05-29,421
31,207,Market Trend,Trends and forecasts for specific demographic segments,2,Public,North America,www.demographictrends.net,2023-06-06,732
32,54,Market Trend,Comprehensive market segmentation and customer profiling,2,Subscription,Asia,www.customerprofiling.com,2023-05-11,485
33,172,Market Trend,Insights into market disruption and innovation,2,Public,Europe,www.marketdisruption.info,2023-04-27,589
34,99,Market Trend,Analysis of industry-specific distribution channels,2,Subscription,North America,www.distributionchannelanalysis.org,2023-06-01,478
35,221,Market Trend,Trends and forecasts for specific sales channels,2,Public,Asia,www.saleschanneltrends.net,2023-05-21,643
36,65,Market Trend,Comprehensive market segmentation and profiling,2,Subscription,Europe,www.marketsegmentation.com,2023-04-14,412
37,182,Market Trend,Insights into market-specific consumer preferences,2,Public,North America,www.consumerpreferences.info,2023-05-26,576
38,41,Market Trend,Analysis of industry-specific product trends,2,Subscription,Asia,www.producttrends.org,2023-06-04,497
39,194,Market Trend,Trends and forecasts for specific sales strategies,2,Public,Europe,www.salesstrategytrends.net,2023-05-08,654
40,73,Market Trend,Comprehensive market opportunity assessments,2,Subscription,North America,www.marketopportunity.com,2023-04-30,431
41,128,Market Trend,Insights into market-specific consumer behavior,2,Public,Asia,www.consumerbehavior.info,2023-05-18,612
42,59,Market Trend,Analysis of industry-specific competitive strategies,2,Subscription,Europe,www.competitivestrategies.org,2023-04-25,496
43,209,Market Trend,Trends and forecasts for specific marketing channels,2,Public,North America,www.marketingchanneltrends.net,2023-06-03,721
44,82,Market Trend,Comprehensive market share and competitive intelligence,2,Subscription,Asia,www.marketshareanalysis.com,2023-05-14,468
45,171,Market Trend,Insights into market-specific regulatory compliance,2,Public,Europe,www.regulatorycompliance.info,2023-04-21,580
46,31,Market Trend,Analysis of industry-specific supply chain management,2,Subscription,North America,www.supplychainmanagement.org,2023-05-31,509
47,194,Market Trend,Trends and forecasts for specific customer segments,2,Public,Asia,www.customersegmenttrends.net,2023-06-09,703
48,57,Market Trend,Comprehensive market entry and expansion strategies,2,Subscription,Europe,www.marketexpansion.com,2023-05-03,442
49,167,Market Trend,Insights into market-specific pricing strategies,2,Public,North America,www.pricingstrategies.info,2023-04-16,556
50,95,Market Trend,Analysis of industry-specific distribution models,2,Subscription,Asia,www.distributionmodelanalysis.org,2023-05-27,483
51,218,Market Trend,Trends and forecasts for specific branding strategies,2,Public,Europe,www.brandingtrends.net,2023-06-07,698
52,74,Market Trend,Comprehensive market opportunity assessments,2,Subscription,North America,www.marketopportunity.com,2023-05-09,435
53,155,Market Trend,Insights into market-specific customer loyalty,2,Public,Asia,www.customerloyalty.info,2023-04-29,568
54,41,Market Trend,Analysis of industry-specific innovation trends,2,Subscription,Europe,www.innovationtrends.org,2023-06-05,491
55,199,Market Trend,Trends and forecasts for specific sales strategies,2,Public,North America,www.salesstrategytrends.net,2023-05-23,631
56,86,Market Trend,Comprehensive market segmentation and profiling,2,Subscription,Asia,www.marketsegmentation.com,2023-04-19,458
57,171,Market Trend,Insights into market-specific digital transformation,2,Public,Europe,www.digitaltransformation.info,2023-06-01,583
58,55,Market Trend,Analysis of industry-specific sustainability trends,2,Subscription,North America,www.sustainabilitytrends.org,2023-05-16,503
59,212,Market Trend,Trends and forecasts for specific marketing strategies,2,Public,Asia,www.marketingstrategies.net,2023-04-26,642
60,71,Market Trend,Comprehensive market opportunity assessments,2,Subscription,Europe,www.marketopportunity.com,2023-05-30,448
61,142,Market Trend,Insights into market-specific consumer preferences,2,Public,North America,www.consumerpreferences.info,2023-06-10,689
62,28,Market Trend,Analysis of industry-specific pricing strategies,2,Subscription,Asia,www.pricingstrategies.org,2023-05-01,475
63,184,Market Trend,Trends and forecasts for specific marketing channels,2,Public,Europe,www.marketingchanneltrends.net,2023-04-22,595
64,61,Market Trend,Comprehensive market share and competitive intelligence,2,Subscription,North America,www.marketshareanalysis.com,2023-06-06,531
65,163,Market Trend,Insights into market-specific regulatory changes,2,Public,Asia,www.regulatorytrendanalysis.org,2023-05-13,662
66,37,Market Trend,Analysis of industry-specific distribution strategies,2,Subscription,Europe,www.distributionstrategies.org,2023-04-28,489
67,205,Market Trend,Trends and forecasts for specific customer segments,2,Public,North America,www.customersegmenttrends.net,2023-06-02,678
68,72,Market Trend,Comprehensive market entry and expansion strategies,2,Subscription,Asia,www.marketexpansion.com,2023-05-07,458
69,178,Market Trend,Insights into market-specific technology trends,2,Public,Europe,www.technologytrends.org,2023-04-18,581
70,49,Market Trend,Analysis of industry-specific brand management,2,Subscription,North America,www.brandmanagement.org,2023-06-08,542
71,199,Market Trend,Trends and forecasts for specific sales channels,2,Public,Asia,www.saleschanneltrends.net,2023-05-04,651
72,85,Market Trend,Comprehensive market segmentation and profiling,2,Subscription,Europe,www.marketsegmentation.com,2023-04-23,473
73,164,Market Trend,Insights into market-specific M&A activity,2,Public,North America,www.marketconsolidation.info,2023-06-01,607
74,32,Market Trend,Analysis of industry-specific supply chain trends,2,Subscription,Asia,www.supplychaintrends.org,2023-05-10,495
75,211,Market Trend,Trends and forecasts for specific marketing strategies,2,Public,Europe,www.marketingstrategies.net,2023-04-14,631
76,91,Market Trend,Comprehensive market opportunity assessments,2,Subscription,North America,www.marketopportunity.com,2023-05-28,453
77,154,Market Trend,Insights into market-specific digital transformation,2,Public,Asia,www.digitaltransformation.info,2023-05-19,568
78,43,Market Trend,Analysis of industry-specific customer experience,2,Subscription,Europe,www.customerexperience.org,2023-04-21,482
79,197,Market Trend,Trends and forecasts for specific branding strategies,2,Public,North America,www.brandingtrends.net,2023-06-04,619
80,75,Market Trend,Comprehensive market share and competitive intelligence,2,Subscription,Asia,www.marketshareanalysis.com,2023-05-16,466
81,162,Market Trend,Insights into market-specific regulatory compliance,2,Public,Europe,www.regulatorycompliance.info,2023-05-25,595
82,56,Market Trend,Analysis of industry-specific innovation trends,2,Subscription,North America,www.innovationtrends.org,2023-06-11,501
83,189,Market Trend,Trends and forecasts for specific sales strategies,2,Public,Asia,www.salesstrategytrends.net,2023-05-02,632
84,73,Market Trend,Comprehensive market entry and expansion strategies,2,Subscription,Europe,www.marketexpansion.com,2023-04-19,467
85,171,Market Trend,Insights into market-specific consumer behavior,2,Public,North America,www.consumerbehavior.info,2023-05-31,602
86,48,Market Trend,Analysis of industry-specific competitive strategies,2,Subscription,Asia,www.competitivestrategies.org,2023-06-07,488
87,202,Market Trend,Trends and forecasts for specific marketing channels,2,Public,Europe,www.marketingchanneltrends.net,2023-05-05,643
88,70,Market Trend,Comprehensive market share and competitive intelligence,2,Subscription,North America,www.marketshareanalysis.com,2023-04-24,481
89,166,Market Trend,Insights into market-specific pricing strategies,2,Public,Asia,www.pricingstrategies.info,2023-05-26,587
90,39,Market Trend,Analysis of industry-specific supply chain management,2,Subscription,Europe,www.supplychainmanagement.org,2023-06-13,499
91,201,Market Trend,Trends and forecasts for specific customer segments,2,Public,North America,www.customersegmenttrends.net,2023-05-03,638
92,91,Market Trend,Comprehensive market opportunity assessments,2,Subscription,Asia,www.marketopportunity.com,2023-04-20,472
93,174,Market Trend,Insights into market-specific customer loyalty,2,Public,Europe,www.customerloyalty.info,2023-06-01,579
94,52,Market Trend,Analysis of industry-specific branding strategies,2,Subscription,North America,www.brandmanagement.org,2023-05-12,511
95,195,Market Trend,Trends and forecasts for specific sales channels,2,Public,Asia,www.saleschanneltrends.net,2023-04-27,629
96,77,Market Trend,Comprehensive market segmentation and profiling,2,Subscription,Europe,www.marketsegmentation.com,2023-06-09,463
97,167,Market Trend,Insights into market-specific mergers and acquisitions,2,Public,North America,www.marketconsolidation.info,2023-05-08,571
98,46,Market Trend,Analysis of industry-specific sustainability trends,2,Subscription,Asia,www.sustainabilitytrends.org,2023-04-18,497
99,208,Market Trend,Trends and forecasts for specific digital strategies,2,Public,Europe,www.digitaltransformation.info,2023-06-03,620
100,88,Market Trend,Comprehensive market opportunity assessments,2,Subscription,North America,www.marketopportunity.com,2023-05-20,459
101,163,Market Trend,Insights into market-specific regulatory changes,2,Public,Asia,www.regulatorytrendanalysis.org,2023-04-22,618
102,58,Market Trend,Analysis of industry-specific technology trends,2,Subscription,Europe,www.technologytrends.org,2023-05-28,482
103,175,Market Trend,Trends and forecasts for specific omnichannel strategies,2,Public,North America,www.omnichannel.net,2023-06-10,633
104,66,Market Trend,Comprehensive market entry and expansion strategies,2,Subscription,Asia,www.marketexpansion.com,2023-05-01,455
105,160,Market Trend,Insights into market-specific sustainability initiatives,2,Public,Europe,www.sustainabilitytrends.org,2023-04-28,608
106,41,Market Trend,Analysis of industry-specific customer experience,2,Subscription,North America,www.customerexperience.org,2023-06-06,505
107,172,Market Trend,Trends and forecasts for specific marketing automation,2,Public,Asia,www.marketingautomation.net,2023-05-19,624
108,61,Market Trend,Comprehensive market share and competitive intelligence,2,Subscription,Europe,www.marketshareanalysis.com,2023-04-23,471
109,153,Market Trend,Insights into market-specific digital transformation,2,Public,North America,www.digitaltransformation.info,2023-06-01,598
110,35,Market Trend,Analysis of industry-specific pricing strategies,2,Subscription,Asia,www.pricingstrategies.org,2023-05-10,496
111,181,Market Trend,Trends and forecasts for specific e-commerce trends,2,Public,Europe,www.ecommercetrends.net,2023-04-25,615
112,78,Market Trend,Comprehensive market segmentation and profiling,2,Subscription,North America,www.marketsegmentation.com,2023-06-08,462
113,158,Market Trend,Insights into market-specific customer loyalty programs,2,Public,Asia,www.customerloyalty.info,2023-05-07,587
114,48,Market Trend,Analysis of industry-specific competitive strategies,2,Subscription,Europe,www.competitivestrategies.org,2023-04-29,508
115,170,Market Trend,Trends and forecasts for specific sales enablement,2,Public,North America,www.salesenablement.net,2023-06-05,626
116,83,Market Trend,Comprehensive market opportunity assessments,2,Subscription,Asia,www.marketopportunity.com,2023-05-16,453
117,164,Market Trend,Insights into market-specific M&A activity,2,Public,Europe,www.marketconsolidation.info,2023-04-20,577
118,52,Market Trend,Analysis of industry-specific branding strategies,2,Subscription,North America,www.brandmanagement.org,2023-06-02,519
119,186,Market Trend,Trends and forecasts for specific social media marketing,2,Public,Asia,www.socialmediamarketing.net,2023-05-14,637
120,76,Market Trend,Comprehensive market share and competitive intelligence,2,Subscription,Europe,www.marketshareanalysis.com,2023-04-26,444
121,152,Market Trend,Insights into market-specific workforce trends,2,Public,North America,www.workforcetrends.org,2023-05-06,568
122,44,Market Trend,Analysis of industry-specific supply chain optimization,2,Subscription,Asia,www.supplychainoptimization.com,2023-05-31,490
123,173,Market Trend,Trends and forecasts for specific content marketing,2,Public,Europe,www.contentmarketing.net,2023-06-12,628
124,58,Market Trend,Comprehensive market entry and expansion strategies,2,Subscription,North America,www.marketexpansion.com,2023-04-21,440
125,161,Market Trend,Insights into market-specific corporate governance,2,Public,Asia,www.corporategovernance.org,2023-05-13,557
126,27,Market Trend,Analysis of industry-specific IoT trends,2,Subscription,Europe,www.iottrends.org,2023-06-07,501
127,179,Market Trend,Trends and forecasts for specific digital marketing,2,Public,North America,www.digitalmarketing.net,2023-04-30,619
128,72,Market Trend,Comprehensive market segmentation and profiling,2,Subscription,Asia,www.marketsegmentation.com,2023-06-04,451
129,166,Market Trend,Insights into market-specific pricing strategies,2,Public,Europe,www.pricingstrategies.info,2023-05-05,545
130,31,Market Trend,Analysis of industry-specific cybersecurity trends,2,Subscription,North America,www.cybersecuritytrends.org,2023-06-09,511
131,165,Market Trend,Trends and forecasts for specific talent management,2,Public,Asia,www.talentmanagement.net,2023-04-16,609
132,87,Market Trend,Comprehensive market opportunity assessments,2,Subscription,Europe,www.marketopportunity.com,2023-05-11,462
133,153,Market Trend,Insights into market-specific digital transformation,2,Public,North America,www.digitaltransformation.info,2023-06-03,533
134,38,Market Trend,Analysis of industry-specific innovation management,2,Subscription,Asia,www.innovationmanagement.org,2023-04-27,522
135,163,Market Trend,Trends and forecasts for specific regulatory compliance,2,Public,Europe,www.regulatorycompliance.info,2023-06-06,599
136,91,Market Trend,Comprehensive market opportunity assessments,2,Subscription,North America,www.marketopportunity.com,2023-05-01,473
137,157,Market Trend,Insights into market-specific customer experience,2,Public,Asia,www.customerexperience.org,2023-04-22,522
138,47,Market Trend,Analysis of industry-specific ESG trends,2,Subscription,Europe,www.esgtrends.org,2023-05-26,533
139,171,Market Trend,Trends and forecasts for specific consumer behavior,2,Public,North America,www.consumerbehavior.info,2023-06-08,589
140,60,Market Trend,Comprehensive market share and competitive intelligence,2,Subscription,Asia,www.marketshareanalysis.com,2023-04-18,484
141,162,Market Trend,Insights into market-specific mergers and acquisitions,2,Public,Europe,www.marketconsolidation.info,2023-05-04,511
142,21,Market Trend,Analysis of industry-specific sustainability initiatives,2,Subscription,North America,www.sustainabilitytrends.org,2023-06-01,544
143,167,Market Trend,Trends and forecasts for specific customer loyalty programs,2,Public,Asia,www.customerloyalty.info,2023-04-23,602
144,52,Market Trend,Comprehensive market segmentation and profiling,2,Subscription,Europe,www.marketsegmentation.com,2023-05-09,465
145,158,Market Trend,Insights into market-specific marketing automation,2,Public,North America,www.marketingautomation.net,2023-06-05,500
146,33,Market Trend,Analysis of industry-specific sales enablement,2,Subscription,Asia,www.salesenablement.org,2023-04-19,533
147,174,Market Trend,Trends and forecasts for specific fintech innovations,2,Public,Europe,www.fintechinnovations.net,2023-05-15,593
148,66,Market Trend,Comprehensive market entry and expansion strategies,2,Subscription,North America,www.marketexpansion.com,2023-05-30,456
149,161,Market Trend,Insights into market-specific diversity and inclusion,2,Public,Asia,www.diversityinclusion.org,2023-04-24,489
150,43,Market Trend,Analysis of industry-specific supply chain resilience,2,Subscription,Europe,www.supplychainresilience.info,2023-06-02,522
151,170,Market Trend,Trends and forecasts for specific remote work trends,2,Public,North America,www.remoteworktrends.net,2023-04-20,581
152,81,Market Trend,Comprehensive market opportunity assessments,2,Subscription,Asia,www.marketopportunity.com,2023-05-06,477
153,164,Market Trend,Insights into market-specific digital commerce,2,Public,Europe,www.digitalcommerce.info,2023-05-29,477
154,24,Market Trend,Analysis of industry-specific workplace automation,2,Subscription,North America,www.workplaceautomation.org,2023-04-21,511
155,163,Market Trend,Trends and forecasts for specific AI and ML applications,2,Public,Asia,www.aimltrends.net,2023-06-04,587
156,90,Market Trend,Comprehensive market segmentation and profiling,2,Subscription,Europe,www.marketsegmentation.com,2023-05-03,468
157,172,Market Trend,Insights into market-specific data privacy regulations,2,Public,North America,www.dataprivacyregulations.org,2023-05-21,455
158,39,Market Trend,Analysis of industry-specific blockchain adoption,2,Subscription,Asia,www.blockchaintrends.info,2023-04-26,524
159,181,Market Trend,Trends and forecasts for specific e-commerce personalization,2,Public,Europe,www.ecommercepersonalization.net,2023-06-07,577
160,61,Market Trend,Comprehensive market opportunity assessments,2,Subscription,North America,www.marketopportunity.com,2023-04-22,449
161,165,Market Trend,Insights into market-specific HR technology trends,2,Public,Asia,www.hrtechtrends.org,2023-05-05,498
162,26,Market Trend,Analysis of industry-specific social media marketing,2,Subscription,Europe,www.socialmediamarketing.info,2023-06-01,533
163,178,Market Trend,Trends and forecasts for specific cloud computing adoption,2,Public,North America,www.cloudcomputingtrends.net,2023-04-17,566
164,55,Market Trend,Comprehensive market share and competitive intelligence,2,Subscription,Asia,www.marketshareanalysis.com,2023-05-13,451
165,167,Market Trend,Insights into market-specific product innovation,2,Public,Europe,www.productinnovation.org,2023-05-29,500
166,35,Market Trend,Analysis of industry-specific business intelligence,2,Subscription,North America,www.businessintelligencetrends.com,2023-04-23,523
167,175,Market Trend,Trends and forecasts for specific green energy initiatives,2,Public,Asia,www.greenenergyfuture.net,2023-06-06,592
168,69,Market Trend,Comprehensive market segmentation and profiling,2,Subscription,Europe,www.marketsegmentation.com,2023-05-25,443
169,159,Market Trend,Insights into market-specific predictive analytics,2,Public,North America,www.predictiveanalytics.org,2023-05-01,488
170,48,Market Trend,Analysis of industry-specific robotic process automation,2,Subscription,Asia,www.rpatrends.info,2023-06-03,512
171,182,Market Trend,Trends and forecasts for specific strategic planning,2,Public,Europe,www.strategicplanning.net,2023-04-22,570
172,92,Market Trend,Comprehensive market opportunity assessments,2,Subscription,North America,www.marketopportunity.com,2023-05-07,465
173,154,Market Trend,Insights into market-specific digital workplace,2,Public,Asia,www.digitalworkplace.org,2023-05-28,489
174,29,Market Trend,Analysis of industry-specific employee experience,2,Subscription,Europe,www.employeeexperience.com,2023-04-18,531
175,163,Market Trend,Trends and forecasts for specific project management,2,Public,North America,www.projectmanagementtrends.net,2023-06-01,579
176,75,Market Trend,Comprehensive market share and competitive intelligence,2,Subscription,Asia,www.marketshareanalysis.com,2023-05-04,448
177,168,Market Trend,Insights into market-specific digital transformation,2,Public,Europe,www.digitaltransformation.info,2023-05-18,477
178,40,Market Trend,Analysis of industry-specific network security,2,Subscription,North America,www.networksecuritytrends.org,2023-04-25,520
179,176,Market Trend,Trends and forecasts for specific e-learning innovations,2,Public,Asia,www.elearningtrends.net,2023-06-02,585
180,84,Market Trend,Comprehensive market opportunity assessments,2,Subscription,Europe,www.marketopportunity.com,2023-04-16,457
181,151,Market Trend,Insights into market-specific cybersecurity trends,2,Public,North America,www.cybersecuritytrends.org,2023-05-10,492
182,31,Market Trend,Analysis of industry-specific talent management,2,Subscription,Asia,www.talentmanagementtrends.com,2023-05-31,543
183,166,Market Trend,Trends and forecasts for specific fintech regulations,2,Public,Europe,www.fintechregulations.net,2023-04-19,561
184,60,Market Trend,Comprehensive market segmentation and profiling,2,Subscription,North America,www.marketsegmentation.com,2023-05-15,439
185,160,Market Trend,Insights into market-specific business continuity,2,Public,Asia,www.businesscontinuity.org,2023-05-25,486
186,43,Market Trend,Analysis of industry-specific workplace flexibility,2,Subscription,Europe,www.workplaceflexibility.com,2023-04-27,518
187,183,Market Trend,Trends and forecasts for specific supply chain automation,2,Public,North America,www.supplychainautomation.net,2023-06-03,577
188,95,Market Trend,Comprehensive market share and competitive intelligence,2,Subscription,Asia,www.marketshareanalysis.com,2023-05-11,441
189,155,Market Trend,Insights into market-specific digital marketing,2,Public,Europe,www.digitalmarketingtrends.org,2023-05-23,478
190,34,Market Trend,Analysis of industry-specific employee well-being,2,Subscription,North America,www.employeewellbeing.com,2023-04-28,525
191,178,Market Trend,Trends and forecasts for specific IoT adoption,2,Public,Asia,www.iottrends.net,2023-05-30,572
192,71,Market Trend,Comprehensive market opportunity assessments,2,Subscription,Europe,www.marketopportunity.com,2023-05-08,433
193,156,Market Trend,Insights into market-specific cloud migration,2,Public,North America,www.cloudmigrationtrends.org,2023-06-04,483
194,45,Market Trend,Analysis of industry-specific sales enablement,2,Subscription,Asia,www.salesenablement.org,2023-05-16,515
195,170,Market Trend,Trends and forecasts for specific digital twin technology,2,Public,Europe,www.digitaltwintrends.net,2023-05-22,565
196,86,Market Trend,Comprehensive market segmentation and profiling,2,Subscription,North America,www.marketsegmentation.com,2023-05-05,427
197,157,Market Trend,Insights into market-specific customer experience,2,Public,Asia,www.customerexperiencetrends.org,2023-06-05,472
198,50,Market Trend,Analysis of industry-specific intelligent automation,2,Subscription,Europe,www.intelligentautomation.com,2023-05-01,523
199,171,Market Trend,Trends and forecasts for specific remote collaboration tools,2,Public,North America,www.remotecollab.net,2023-05-26,560
200,99,Market Trend,Comprehensive market opportunity assessments,2,Subscription,Asia,www.marketopportunity.com,2023-04-20,419